SYMBOL,OPEN,HIGH,LOW,PREV. CLOSE,LTP,INDICATIVE CLOSE,CHANGE,% CHANGE,VOLUME (shares),VALUE (₹ Crores),52 WEEK HIGH,52 WEEK LOW,30 D %CHNG,365 D %CHNG
"NIFTY 50","22,543.70","22,610.60","22,221.65","22,620.45","22,224.75","-","-395.7","-1.75","322182075","25,879.27","26,373.20","22,182.55","-7.61","-10.52"
"KOTAKBANK","426.00","435.60","416.20","417.00","416.45","-","-0.55","-0.13","65842017","2,820.47","453.20","345.50","-2.04","0.89"
"HDFCBANK","708.40","719.50","707.10","708.70","712.30","-","3.6","0.51","24181438","1,730.47","1,020.50","681.90","0.01","-26.24"
"BSE","3,089.90","3,139.00","3,000.00","3,092.00","3,008.10","-","-83.9","-2.71","4407650","1,354.13","4,446.80","2,035.10","-7.22","44.51"
"BAJAJ-AUTO","10,701.00","10,714.00","9,900.00","10,874.00","10,026.00","-","-848","-7.8","1307087","1,325.34","12,470.00","8,491.50","-18.92","16.18"
"RELIANCE","1,180.10","1,183.90","1,160.80","1,187.00","1,161.50","-","-25.5","-2.15","11258040","1,323.71","1,611.80","1,160.80","-11.25","-15.12"
"ICICIBANK","1,316.00","1,329.90","1,309.10","1,321.70","1,309.50","-","-12.2","-0.92","8811810","1,163.49","1,480.00","1,187.60","-8.9","-4.52"
"M&M","2,926.00","2,927.40","2,812.00","2,950.00","2,821.10","-","-128.9","-4.37","3980041","1,139.14","3,839.90","2,812.00","-13.44","-18.55"
"INFY","1,010.00","1,021.50","999.15","994.10","1,005.80","-","11.7","1.18","8319432","841.56","1,728.00","980.40","-13.02","-30.45"
"MARUTI","11,900.00","11,907.00","11,335.00","11,967.00","11,349.00","-","-618","-5.16","655862","760.90","17,370.00","11,335.00","-12.41","-28.95"
"BHARTIARTL","1,745.00","1,765.80","1,726.60","1,757.00","1,727.50","-","-29.5","-1.68","3793674","664.60","2,174.50","1,726.60","-8","-7.52"
"ETERNAL","316.60","320.40","309.80","320.00","309.95","-","-10.05","-3.14","20484596","644.92","368.45","212.60","-5.43","-5.79"
"AXISBANK","1,219.10","1,241.60","1,215.60","1,226.00","1,216.30","-","-9.7","-0.79","5137066","631.06","1,418.30","1,125.40","-3.32","4.89"
"TATASTEEL","184.37","186.55","176.13","184.30","176.22","-","-8.08","-4.38","32924883","596.90","224.40","160.06","-4.26","5.21"
"APOLLOHOSP","8,090.00","8,135.00","7,910.00","8,165.50","8,026.00","-","-139.5","-1.71","736654","591.59","9,070.50","6,696.50","-8.33","7.86"
"LT","3,726.00","3,737.30","3,657.00","3,760.00","3,658.60","-","-101.4","-2.7","1340639","496.52","4,440.00","3,288.10","-8.09","-0.34"
"JIOFIN","216.00","216.20","208.70","216.88","208.77","-","-8.11","-3.74","21986873","467.55","316.85","208.70","-11.49","-30.42"
"SBIN","953.10","965.40","946.00","959.50","947.00","-","-12.5","-1.3","4812244","461.05","1,234.70","857.25","-8.55","9.48"
"TCS","2,052.60","2,093.90","2,045.10","2,050.60","2,048.40","-","-2.2","-0.11","2100738","434.95","3,350.00","1,976.80","-13.54","-29.72"
"EICHERMOT","7,120.00","7,146.00","6,840.00","7,150.00","6,880.00","-","-270","-3.78","619832","430.15","8,230.00","6,442.00","-13.68","-2.02"
"ADANIENT","2,900.00","2,903.70","2,772.00","2,903.40","2,772.90","-","-130.5","-4.49","1474676","420.90","3,245.00","1,753.00","-3.14","10.21"
"ULTRACEMCO","10,810.00","10,879.00","10,615.00","10,956.00","10,621.00","-","-335","-3.06","386739","413.49","13,110.00","10,325.00","-6.83","-12.19"
"HINDALCO","935.00","946.65","924.05","941.80","924.50","-","-17.3","-1.84","4402667","412.40","1,176.00","754.45","-8.86","20.7"
"MAXHEALTH","919.85","943.85","902.05","929.80","930.15","-","0.35","0.04","4022209","372.59","1,221.90","902.05","-7.28","-16.46"
"BAJFINANCE","953.90","955.95","937.30","959.40","939.15","-","-20.25","-2.11","3834822","363.91","1,176.40","787.90","-10.89","-4.92"
"SBILIFE","1,676.30","1,716.00","1,674.80","1,696.40","1,701.40","-","5","0.29","2118062","359.89","2,132.00","1,652.90","-2.18","-5.54"
"GRASIM","3,038.00","3,045.00","2,944.40","3,061.90","2,952.40","-","-109.5","-3.58","1132063","336.24","3,411.10","2,502.50","-10.72","5.77"
"SHRIRAMFIN","973.50","975.00","937.20","982.70","937.75","-","-44.95","-4.57","3388182","324.75","1,153.70","611.15","-11.51","44.47"
"BAJAJFINSV","1,723.00","1,734.90","1,704.90","1,731.00","1,706.20","-","-24.8","-1.43","1822923","313.86","2,195.00","1,597.00","-13.52","-15.03"
"BEL","385.20","386.15","378.65","388.30","378.75","-","-9.55","-2.46","8025146","307.05","473.45","378.65","-7.88","-6.81"
"TMPV","280.00","281.30","273.60","283.50","273.60","-","-9.9","-3.49","9978816","276.73","739.70","272.20","-11.76","-61.92"
"ADANIPORTS","1,786.00","1,786.00","1,716.10","1,798.30","1,717.70","-","-80.6","-4.48","1562275","274.46","1,891.10","1,292.00","4.27","20.75"
"TECHM","1,540.00","1,554.80","1,512.00","1,524.00","1,514.10","-","-9.9","-0.65","1789346","274.11","1,854.00","1,304.10","-7.59","6.9"
"ITC","262.70","262.70","254.65","262.75","254.85","-","-7.9","-3.01","10159531","262.31","426.40","254.65","-4.41","-37.17"
"JSWSTEEL","1,253.00","1,256.40","1,215.00","1,253.40","1,215.10","-","-38.3","-3.06","2098609","259.73","1,351.00","1,073.20","-7.5","6.01"
"SUNPHARMA","1,815.00","1,828.70","1,793.20","1,816.60","1,794.10","-","-22.5","-1.24","1357666","245.82","2,046.90","1,583.70","-7","9.64"
"HCLTECH","1,230.00","1,256.00","1,229.30","1,230.00","1,230.10","-","0.1","0.01","1947327","241.93","1,780.10","1,030.00","-8.98","-11.47"
"DRREDDY","1,233.00","1,233.90","1,195.70","1,233.00","1,195.80","-","-37.2","-3.02","1933797","235.03","1,414.90","1,101.00","2.04","-4"
"COALINDIA","421.20","426.35","416.30","425.00","416.60","-","-8.4","-1.98","5441353","229.11","491.25","369.60","3.77","7.27"
"NTPC","320.80","320.95","313.05","322.75","313.55","-","-9.2","-2.85","7102940","226.01","414.40","313.05","-4.24","-7.83"
"TITAN","4,574.90","4,621.80","4,491.00","4,587.00","4,492.50","-","-94.5","-2.06","483752","220.13","5,186.70","3,351.00","-11.05","31.8"
"INDIGO","4,936.00","5,016.20","4,880.10","4,984.00","4,882.70","-","-101.3","-2.03","439857","217.60","5,970.00","3,895.20","-3.4","-12.94"
"ONGC","224.75","224.99","220.72","225.80","220.87","-","-4.93","-2.18","8870705","197.98","307.50","220.72","-6.58","-9.11"
"POWERGRID","258.20","259.00","252.65","260.50","252.75","-","-7.75","-2.98","7378362","188.97","324.95","250.00","-4.46","-9.94"
"HINDUNILVR","1,870.10","1,873.60","1,828.00","1,879.10","1,830.00","-","-49.1","-2.61","996999","184.21","2,667.20","1,828.00","-8.26","-27.84"
"ASIANPAINT","2,391.00","2,401.30","2,377.00","2,402.60","2,384.80","-","-17.8","-0.74","735549","175.33","2,985.70","2,115.00","-7.44","2.06"
"HDFCLIFE","518.00","535.25","517.40","521.20","529.00","-","7.8","1.5","2936292","155.72","788.50","508.70","-2.19","-30.83"
"TRENT","2,615.00","2,624.00","2,551.00","2,621.60","2,552.00","-","-69.6","-2.65","573761","148.70","3,399.70","2,183.67","-10.64","-20.8"
"NESTLEIND","1,301.90","1,320.90","1,297.00","1,310.00","1,297.00","-","-13","-0.99","1094132","143.39","1,553.00","1,145.00","-9.84","11.17"
"TATACONSUM","952.00","964.80","945.00","949.50","946.30","-","-3.2","-0.34","1278890","122.39","1,282.70","945.00","-8.19","-17.36"
"CIPLA","1,349.10","1,359.40","1,334.30","1,346.00","1,334.80","-","-11.2","-0.83","714051","96.05","1,673.00","1,165.70","-6.22","-11.8"